a,dimensions,mcia,angle,substrate,R,G,B,color_column
7.679179643685906,a,25.534672428043795,0º,Silicon (111),1.0,0.04632357573534044,0.0,"rgb(255.00, 11.81, 0.00)"
3.839589821842953,a/2,25.534672428043795,0º,Silicon (111),1.0,0.04632357573534044,0.0,"rgb(255.00, 11.81, 0.00)"
15.358359287371812,2a,102.13868971217518,0º,Silicon (111),1.0,0.04632357573534044,0.0,"rgb(255.00, 11.81, 0.00)"
5.119453095790604,2/3 a,102.13868971217518,0º,Silicon (111),1.0,0.04632357573534044,0.0,"rgb(255.00, 11.81, 0.00)"
3.0716718574743624,2/5 a,102.13868971217518,0º,Silicon (111),1.0,0.04632357573534044,0.0,"rgb(255.00, 11.81, 0.00)"
13.300729303312655,√3a,76.60401728413139,30º,Silicon (111),1.0,0.04632357573534044,0.0,"rgb(255.00, 11.81, 0.00)"
6.650364651656328,√3/2 a,76.60401728413139,30º,Silicon (111),1.0,0.04632357573534044,0.0,"rgb(255.00, 11.81, 0.00)"
4.433576434437552,√3/3 a,76.60401728413139,30º,Silicon (111),1.0,0.04632357573534044,0.0,"rgb(255.00, 11.81, 0.00)"
3.325182325828164,√3/4 a,76.60401728413139,30º,Silicon (111),1.0,0.04632357573534044,0.0,"rgb(255.00, 11.81, 0.00)"
20.317199610182502,√7a,178.74270699630657,19.1º,Silicon (111),1.0,0.04632357573534044,0.0,"rgb(255.00, 11.81, 0.00)"
10.158599805091251,√7/2 a,178.74270699630657,19.1º,Silicon (111),1.0,0.04632357573534044,0.0,"rgb(255.00, 11.81, 0.00)"
6.772399870060834,√7/3 a,178.74270699630657,19.1º,Silicon (111),1.0,0.04632357573534044,0.0,"rgb(255.00, 11.81, 0.00)"
5.079299902545626,√7/4 a,178.74270699630657,19.1º,Silicon (111),1.0,0.04632357573534044,0.0,"rgb(255.00, 11.81, 0.00)"
4.0634399220365,√7/5 a,178.74270699630657,19.1º,Silicon (111),1.0,0.04632357573534044,0.0,"rgb(255.00, 11.81, 0.00)"
7.990306627407988,a,27.64569595230875,0º,Germanium (111),1.0,0.18529430294136176,0.0,"rgb(255.00, 47.25, 0.00)"
3.995153313703994,a/2,27.64569595230875,0º,Germanium (111),1.0,0.18529430294136176,0.0,"rgb(255.00, 47.25, 0.00)"
15.980613254815976,2a,110.582783809235,0º,Germanium (111),1.0,0.18529430294136176,0.0,"rgb(255.00, 47.25, 0.00)"
5.3268710849386585,2/3 a,110.582783809235,0º,Germanium (111),1.0,0.18529430294136176,0.0,"rgb(255.00, 47.25, 0.00)"
3.1961226509631953,2/5 a,110.582783809235,0º,Germanium (111),1.0,0.18529430294136176,0.0,"rgb(255.00, 47.25, 0.00)"
13.839617046724957,√3a,82.93708785692624,30º,Germanium (111),1.0,0.18529430294136176,0.0,"rgb(255.00, 47.25, 0.00)"
6.919808523362478,√3/2 a,82.93708785692624,30º,Germanium (111),1.0,0.18529430294136176,0.0,"rgb(255.00, 47.25, 0.00)"
4.613205682241652,√3/3 a,82.93708785692624,30º,Germanium (111),1.0,0.18529430294136176,0.0,"rgb(255.00, 47.25, 0.00)"
3.459904261681239,√3/4 a,82.93708785692624,30º,Germanium (111),1.0,0.18529430294136176,0.0,"rgb(255.00, 47.25, 0.00)"
21.140364235272774,√7a,193.51987166616124,19.1º,Germanium (111),1.0,0.18529430294136176,0.0,"rgb(255.00, 47.25, 0.00)"
10.570182117636387,√7/2 a,193.51987166616124,19.1º,Germanium (111),1.0,0.18529430294136176,0.0,"rgb(255.00, 47.25, 0.00)"
7.046788078424258,√7/3 a,193.51987166616124,19.1º,Germanium (111),1.0,0.18529430294136176,0.0,"rgb(255.00, 47.25, 0.00)"
5.285091058818193,√7/4 a,193.51987166616124,19.1º,Germanium (111),1.0,0.18529430294136176,0.0,"rgb(255.00, 47.25, 0.00)"
4.2280728470545546,√7/5 a,193.51987166616124,19.1º,Germanium (111),1.0,0.18529430294136176,0.0,"rgb(255.00, 47.25, 0.00)"
7.990306627407988,a,27.64569595230875,0º,GaAs (111),1.0,0.3011032422797128,0.0,"rgb(255.00, 76.78, 0.00)"
3.995153313703994,a/2,27.64569595230875,0º,GaAs (111),1.0,0.3011032422797128,0.0,"rgb(255.00, 76.78, 0.00)"
15.980613254815976,2a,110.582783809235,0º,GaAs (111),1.0,0.3011032422797128,0.0,"rgb(255.00, 76.78, 0.00)"
5.3268710849386585,2/3 a,110.582783809235,0º,GaAs (111),1.0,0.3011032422797128,0.0,"rgb(255.00, 76.78, 0.00)"
3.1961226509631953,2/5 a,110.582783809235,0º,GaAs (111),1.0,0.3011032422797128,0.0,"rgb(255.00, 76.78, 0.00)"
13.839617046724957,√3a,82.93708785692624,30º,GaAs (111),1.0,0.3011032422797128,0.0,"rgb(255.00, 76.78, 0.00)"
6.919808523362478,√3/2 a,82.93708785692624,30º,GaAs (111),1.0,0.3011032422797128,0.0,"rgb(255.00, 76.78, 0.00)"
4.613205682241652,√3/3 a,82.93708785692624,30º,GaAs (111),1.0,0.3011032422797128,0.0,"rgb(255.00, 76.78, 0.00)"
3.459904261681239,√3/4 a,82.93708785692624,30º,GaAs (111),1.0,0.3011032422797128,0.0,"rgb(255.00, 76.78, 0.00)"
21.140364235272774,√7a,193.51987166616124,19.1º,GaAs (111),1.0,0.3011032422797128,0.0,"rgb(255.00, 76.78, 0.00)"
10.570182117636387,√7/2 a,193.51987166616124,19.1º,GaAs (111),1.0,0.3011032422797128,0.0,"rgb(255.00, 76.78, 0.00)"
7.046788078424258,√7/3 a,193.51987166616124,19.1º,GaAs (111),1.0,0.3011032422797128,0.0,"rgb(255.00, 76.78, 0.00)"
5.285091058818193,√7/4 a,193.51987166616124,19.1º,GaAs (111),1.0,0.3011032422797128,0.0,"rgb(255.00, 76.78, 0.00)"
4.2280728470545546,√7/5 a,193.51987166616124,19.1º,GaAs (111),1.0,0.3011032422797128,0.0,"rgb(255.00, 76.78, 0.00)"
7.707463914933369,a,25.723119555907296,0º,GaP (111),1.0,0.48639754522107453,0.0,"rgb(255.00, 124.03, 0.00)"
3.8537319574666844,a/2,25.723119555907296,0º,GaP (111),1.0,0.48639754522107453,0.0,"rgb(255.00, 124.03, 0.00)"
15.414927829866738,2a,102.89247822362918,0º,GaP (111),1.0,0.48639754522107453,0.0,"rgb(255.00, 124.03, 0.00)"
5.138309276622246,2/3 a,102.89247822362918,0º,GaP (111),1.0,0.48639754522107453,0.0,"rgb(255.00, 124.03, 0.00)"
3.0829855659733476,2/5 a,102.89247822362918,0º,GaP (111),1.0,0.48639754522107453,0.0,"rgb(255.00, 124.03, 0.00)"
13.349719098168322,√3a,77.1693586677219,30º,GaP (111),1.0,0.48639754522107453,0.0,"rgb(255.00, 124.03, 0.00)"
6.674859549084161,√3/2 a,77.1693586677219,30º,GaP (111),1.0,0.48639754522107453,0.0,"rgb(255.00, 124.03, 0.00)"
4.449906366056108,√3/3 a,77.1693586677219,30º,GaP (111),1.0,0.48639754522107453,0.0,"rgb(255.00, 124.03, 0.00)"
3.3374297745420805,√3/4 a,77.1693586677219,30º,GaP (111),1.0,0.48639754522107453,0.0,"rgb(255.00, 124.03, 0.00)"
20.392032757917985,√7a,180.06183689135108,19.1º,GaP (111),1.0,0.48639754522107453,0.0,"rgb(255.00, 124.03, 0.00)"
10.196016378958992,√7/2 a,180.06183689135108,19.1º,GaP (111),1.0,0.48639754522107453,0.0,"rgb(255.00, 124.03, 0.00)"
6.797344252639328,√7/3 a,180.06183689135108,19.1º,GaP (111),1.0,0.48639754522107453,0.0,"rgb(255.00, 124.03, 0.00)"
5.098008189479496,√7/4 a,180.06183689135108,19.1º,GaP (111),1.0,0.48639754522107453,0.0,"rgb(255.00, 124.03, 0.00)"
4.078406551583597,√7/5 a,180.06183689135108,19.1º,GaP (111),1.0,0.48639754522107453,0.0,"rgb(255.00, 124.03, 0.00)"
8.61256059485215,a,32.119236778097644,0º,GaSb (111),1.0,0.6716918481624363,0.0,"rgb(255.00, 171.28, 0.00)"
4.306280297426075,a/2,32.119236778097644,0º,GaSb (111),1.0,0.6716918481624363,0.0,"rgb(255.00, 171.28, 0.00)"
17.2251211897043,2a,128.47694711239058,0º,GaSb (111),1.0,0.6716918481624363,0.0,"rgb(255.00, 171.28, 0.00)"
5.741707063234767,2/3 a,128.47694711239058,0º,GaSb (111),1.0,0.6716918481624363,0.0,"rgb(255.00, 171.28, 0.00)"
3.44502423794086,2/5 a,128.47694711239058,0º,GaSb (111),1.0,0.6716918481624363,0.0,"rgb(255.00, 171.28, 0.00)"
14.917392533549556,√3a,96.35771033429293,30º,GaSb (111),1.0,0.6716918481624363,0.0,"rgb(255.00, 171.28, 0.00)"
7.458696266774778,√3/2 a,96.35771033429293,30º,GaSb (111),1.0,0.6716918481624363,0.0,"rgb(255.00, 171.28, 0.00)"
4.972464177849852,√3/3 a,96.35771033429293,30º,GaSb (111),1.0,0.6716918481624363,0.0,"rgb(255.00, 171.28, 0.00)"
3.729348133387389,√3/4 a,96.35771033429293,30º,GaSb (111),1.0,0.6716918481624363,0.0,"rgb(255.00, 171.28, 0.00)"
8.570134187980956,a,31.803570518418212,0º,InAs (111),1.0,0.8569861511037979,0.0,"rgb(255.00, 218.53, 0.00)"
4.285067093990478,a/2,31.803570518418212,0º,InAs (111),1.0,0.8569861511037979,0.0,"rgb(255.00, 218.53, 0.00)"
17.140268375961913,2a,127.21428207367285,0º,InAs (111),1.0,0.8569861511037979,0.0,"rgb(255.00, 218.53, 0.00)"
5.713422791987305,2/3 a,127.21428207367285,0º,InAs (111),1.0,0.8569861511037979,0.0,"rgb(255.00, 218.53, 0.00)"
3.4280536751923827,2/5 a,127.21428207367285,0º,InAs (111),1.0,0.8569861511037979,0.0,"rgb(255.00, 218.53, 0.00)"
14.84390784126606,√3a,95.41071155525464,30º,InAs (111),1.0,0.8569861511037979,0.0,"rgb(255.00, 218.53, 0.00)"
7.42195392063303,√3/2 a,95.41071155525464,30º,InAs (111),1.0,0.8569861511037979,0.0,"rgb(255.00, 218.53, 0.00)"
4.9479692804220194,√3/3 a,95.41071155525464,30º,InAs (111),1.0,0.8569861511037979,0.0,"rgb(255.00, 218.53, 0.00)"
3.710976960316515,√3/4 a,95.41071155525464,30º,InAs (111),1.0,0.8569861511037979,0.0,"rgb(255.00, 218.53, 0.00)"
8.301433611130069,a,29.840550735660027,0º,InP (111),0.9577195459548403,1.0,0.0,"rgb(244.22, 255.00, 0.00)"
4.150716805565034,a/2,29.840550735660027,0º,InP (111),0.9577195459548403,1.0,0.0,"rgb(244.22, 255.00, 0.00)"
16.602867222260137,2a,119.36220294264011,0º,InP (111),0.9577195459548403,1.0,0.0,"rgb(244.22, 255.00, 0.00)"
5.534289074086712,2/3 a,119.36220294264011,0º,InP (111),0.9577195459548403,1.0,0.0,"rgb(244.22, 255.00, 0.00)"
3.3205734444520276,2/5 a,119.36220294264011,0º,InP (111),0.9577195459548403,1.0,0.0,"rgb(244.22, 255.00, 0.00)"
14.378504790137256,√3a,89.52165220698008,30º,InP (111),0.9577195459548403,1.0,0.0,"rgb(244.22, 255.00, 0.00)"
7.189252395068628,√3/2 a,89.52165220698008,30º,InP (111),0.9577195459548403,1.0,0.0,"rgb(244.22, 255.00, 0.00)"
4.7928349300457525,√3/3 a,89.52165220698008,30º,InP (111),0.9577195459548403,1.0,0.0,"rgb(244.22, 255.00, 0.00)"
3.594626197534314,√3/4 a,89.52165220698008,30º,InP (111),0.9577195459548403,1.0,0.0,"rgb(244.22, 255.00, 0.00)"
9.164103884177656,a,36.364753115070094,0º,InSb (111),0.7724252430134786,1.0,0.0,"rgb(196.97, 255.00, 0.00)"
4.582051942088828,a/2,36.364753115070094,0º,InSb (111),0.7724252430134786,1.0,0.0,"rgb(196.97, 255.00, 0.00)"
3.0547012947258856,a/3,36.364753115070094,0º,InSb (111),0.7724252430134786,1.0,0.0,"rgb(196.97, 255.00, 0.00)"
18.328207768355313,2a,145.45901246028038,0º,InSb (111),0.7724252430134786,1.0,0.0,"rgb(196.97, 255.00, 0.00)"
6.109402589451771,2/3 a,145.45901246028038,0º,InSb (111),0.7724252430134786,1.0,0.0,"rgb(196.97, 255.00, 0.00)"
3.6656415536710627,2/5 a,145.45901246028038,0º,InSb (111),0.7724252430134786,1.0,0.0,"rgb(196.97, 255.00, 0.00)"
15.872693533234994,√3a,109.09425934521028,30º,InSb (111),0.7724252430134786,1.0,0.0,"rgb(196.97, 255.00, 0.00)"
7.936346766617497,√3/2 a,109.09425934521028,30º,InSb (111),0.7724252430134786,1.0,0.0,"rgb(196.97, 255.00, 0.00)"
5.290897844411664,√3/3 a,109.09425934521028,30º,InSb (111),0.7724252430134786,1.0,0.0,"rgb(196.97, 255.00, 0.00)"
3.9681733833087485,√3/4 a,109.09425934521028,30º,InSb (111),0.7724252430134786,1.0,0.0,"rgb(196.97, 255.00, 0.00)"
3.1745387066469988,√3/5 a,109.09425934521028,30º,InSb (111),0.7724252430134786,1.0,0.0,"rgb(196.97, 255.00, 0.00)"
7.650895372438445,a,25.346918120503332,0º,ZnS (111),0.5871309400721167,1.0,0.0,"rgb(149.72, 255.00, 0.00)"
3.8254476862192224,a/2,25.346918120503332,0º,ZnS (111),0.5871309400721167,1.0,0.0,"rgb(149.72, 255.00, 0.00)"
15.30179074487689,2a,101.38767248201333,0º,ZnS (111),0.5871309400721167,1.0,0.0,"rgb(149.72, 255.00, 0.00)"
5.100596914958963,2/3 a,101.38767248201333,0º,ZnS (111),0.5871309400721167,1.0,0.0,"rgb(149.72, 255.00, 0.00)"
3.0603581489753777,2/5 a,101.38767248201333,0º,ZnS (111),0.5871309400721167,1.0,0.0,"rgb(149.72, 255.00, 0.00)"
13.251739508456994,√3a,76.04075436151,30º,ZnS (111),0.5871309400721167,1.0,0.0,"rgb(149.72, 255.00, 0.00)"
6.625869754228497,√3/2 a,76.04075436151,30º,ZnS (111),0.5871309400721167,1.0,0.0,"rgb(149.72, 255.00, 0.00)"
4.417246502818998,√3/3 a,76.04075436151,30º,ZnS (111),0.5871309400721167,1.0,0.0,"rgb(149.72, 255.00, 0.00)"
3.3129348771142486,√3/4 a,76.04075436151,30º,ZnS (111),0.5871309400721167,1.0,0.0,"rgb(149.72, 255.00, 0.00)"
20.242366462447027,√7a,177.4284268435233,19.1º,ZnS (111),0.5871309400721167,1.0,0.0,"rgb(149.72, 255.00, 0.00)"
10.121183231223513,√7/2 a,177.4284268435233,19.1º,ZnS (111),0.5871309400721167,1.0,0.0,"rgb(149.72, 255.00, 0.00)"
6.747455487482342,√7/3 a,177.4284268435233,19.1º,ZnS (111),0.5871309400721167,1.0,0.0,"rgb(149.72, 255.00, 0.00)"
5.060591615611757,√7/4 a,177.4284268435233,19.1º,ZnS (111),0.5871309400721167,1.0,0.0,"rgb(149.72, 255.00, 0.00)"
4.048473292489406,√7/5 a,177.4284268435233,19.1º,ZnS (111),0.5871309400721167,1.0,0.0,"rgb(149.72, 255.00, 0.00)"
8.01859089865545,a,27.84176410372555,0º,ZnSe (111),0.4018366371307548,1.0,0.0,"rgb(102.47, 255.00, 0.00)"
4.009295449327725,a/2,27.84176410372555,0º,ZnSe (111),0.4018366371307548,1.0,0.0,"rgb(102.47, 255.00, 0.00)"
16.0371817973109,2a,111.3670564149022,0º,ZnSe (111),0.4018366371307548,1.0,0.0,"rgb(102.47, 255.00, 0.00)"
5.3457272657703,2/3 a,111.3670564149022,0º,ZnSe (111),0.4018366371307548,1.0,0.0,"rgb(102.47, 255.00, 0.00)"
3.20743635946218,2/5 a,111.3670564149022,0º,ZnSe (111),0.4018366371307548,1.0,0.0,"rgb(102.47, 255.00, 0.00)"
13.888606841580621,√3a,83.52529231117664,30º,ZnSe (111),0.4018366371307548,1.0,0.0,"rgb(102.47, 255.00, 0.00)"
6.944303420790311,√3/2 a,83.52529231117664,30º,ZnSe (111),0.4018366371307548,1.0,0.0,"rgb(102.47, 255.00, 0.00)"
4.629535613860207,√3/3 a,83.52529231117664,30º,ZnSe (111),0.4018366371307548,1.0,0.0,"rgb(102.47, 255.00, 0.00)"
3.4721517103951554,√3/4 a,83.52529231117664,30º,ZnSe (111),0.4018366371307548,1.0,0.0,"rgb(102.47, 255.00, 0.00)"
21.215197383008253,√7a,194.89234872607884,19.1º,ZnSe (111),0.4018366371307548,1.0,0.0,"rgb(102.47, 255.00, 0.00)"
10.607598691504126,√7/2 a,194.89234872607884,19.1º,ZnSe (111),0.4018366371307548,1.0,0.0,"rgb(102.47, 255.00, 0.00)"
7.0717324610027505,√7/3 a,194.89234872607884,19.1º,ZnSe (111),0.4018366371307548,1.0,0.0,"rgb(102.47, 255.00, 0.00)"
5.303799345752063,√7/4 a,194.89234872607884,19.1º,ZnSe (111),0.4018366371307548,1.0,0.0,"rgb(102.47, 255.00, 0.00)"
4.24303947660165,√7/5 a,194.89234872607884,19.1º,ZnSe (111),0.4018366371307548,1.0,0.0,"rgb(102.47, 255.00, 0.00)"
8.62670273047588,a,32.22480527481897,0º,ZnTe (111),0.21654233418939306,1.0,0.0,"rgb(55.22, 255.00, 0.00)"
4.31335136523794,a/2,32.22480527481897,0º,ZnTe (111),0.21654233418939306,1.0,0.0,"rgb(55.22, 255.00, 0.00)"
17.25340546095176,2a,128.89922109927588,0º,ZnTe (111),0.21654233418939306,1.0,0.0,"rgb(55.22, 255.00, 0.00)"
5.751135153650587,2/3 a,128.89922109927588,0º,ZnTe (111),0.21654233418939306,1.0,0.0,"rgb(55.22, 255.00, 0.00)"
3.450681092190352,2/5 a,128.89922109927588,0º,ZnTe (111),0.21654233418939306,1.0,0.0,"rgb(55.22, 255.00, 0.00)"
14.941887430977387,√3a,96.6744158244569,30º,ZnTe (111),0.21654233418939306,1.0,0.0,"rgb(55.22, 255.00, 0.00)"
7.470943715488693,√3/2 a,96.6744158244569,30º,ZnTe (111),0.21654233418939306,1.0,0.0,"rgb(55.22, 255.00, 0.00)"
4.980629143659129,√3/3 a,96.6744158244569,30º,ZnTe (111),0.21654233418939306,1.0,0.0,"rgb(55.22, 255.00, 0.00)"
3.7354718577443466,√3/4 a,96.6744158244569,30º,ZnTe (111),0.21654233418939306,1.0,0.0,"rgb(55.22, 255.00, 0.00)"
9.164103884177656,a,36.364753115070094,0º,CdTe (111),0.03124934374934376,1.0,1.3125013124790507e-06,"rgb(7.97, 255.00, 0.00)"
4.582051942088828,a/2,36.364753115070094,0º,CdTe (111),0.03124934374934376,1.0,1.3125013124790507e-06,"rgb(7.97, 255.00, 0.00)"
3.0547012947258856,a/3,36.364753115070094,0º,CdTe (111),0.03124934374934376,1.0,1.3125013124790507e-06,"rgb(7.97, 255.00, 0.00)"
18.328207768355313,2a,145.45901246028038,0º,CdTe (111),0.03124934374934376,1.0,1.3125013124790507e-06,"rgb(7.97, 255.00, 0.00)"
6.109402589451771,2/3 a,145.45901246028038,0º,CdTe (111),0.03124934374934376,1.0,1.3125013124790507e-06,"rgb(7.97, 255.00, 0.00)"
3.6656415536710627,2/5 a,145.45901246028038,0º,CdTe (111),0.03124934374934376,1.0,1.3125013124790507e-06,"rgb(7.97, 255.00, 0.00)"
15.872693533234994,√3a,109.09425934521028,30º,CdTe (111),0.03124934374934376,1.0,1.3125013124790507e-06,"rgb(7.97, 255.00, 0.00)"
7.936346766617497,√3/2 a,109.09425934521028,30º,CdTe (111),0.03124934374934376,1.0,1.3125013124790507e-06,"rgb(7.97, 255.00, 0.00)"
5.290897844411664,√3/3 a,109.09425934521028,30º,CdTe (111),0.03124934374934376,1.0,1.3125013124790507e-06,"rgb(7.97, 255.00, 0.00)"
3.9681733833087485,√3/4 a,109.09425934521028,30º,CdTe (111),0.03124934374934376,1.0,1.3125013124790507e-06,"rgb(7.97, 255.00, 0.00)"
3.1745387066469988,√3/5 a,109.09425934521028,30º,CdTe (111),0.03124934374934376,1.0,1.3125013124790507e-06,"rgb(7.97, 255.00, 0.00)"
4.763,a,9.823399334273507,0º,Sapphire (C),0.0,1.0,0.08456076910733497,"rgb(0.00, 255.00, 21.56)"
9.526,2a,39.29359733709403,0º,Sapphire (C),0.0,1.0,0.08456076910733497,"rgb(0.00, 255.00, 21.56)"
3.175333333333333,2/3 a,39.29359733709403,0º,Sapphire (C),0.0,1.0,0.08456076910733497,"rgb(0.00, 255.00, 21.56)"
14.289,3a,88.41059400846156,0º,Sapphire (C),0.0,1.0,0.08456076910733497,"rgb(0.00, 255.00, 21.56)"
7.1445,3/2 a,88.41059400846156,0º,Sapphire (C),0.0,1.0,0.08456076910733497,"rgb(0.00, 255.00, 21.56)"
3.57225,3/4 a,88.41059400846156,0º,Sapphire (C),0.0,1.0,0.08456076910733497,"rgb(0.00, 255.00, 21.56)"
19.052,4a,157.1743893483761,0º,Sapphire (C),0.0,1.0,0.08456076910733497,"rgb(0.00, 255.00, 21.56)"
6.350666666666666,4/3 a,157.1743893483761,0º,Sapphire (C),0.0,1.0,0.08456076910733497,"rgb(0.00, 255.00, 21.56)"
3.8104,4/5 a,157.1743893483761,0º,Sapphire (C),0.0,1.0,0.08456076910733497,"rgb(0.00, 255.00, 21.56)"
8.249757996450562,√3a,29.47019800282052,30º,Sapphire (C),0.0,1.0,0.08456076910733497,"rgb(0.00, 255.00, 21.56)"
4.124878998225281,√3/2 a,29.47019800282052,30º,Sapphire (C),0.0,1.0,0.08456076910733497,"rgb(0.00, 255.00, 21.56)"
16.499515992901124,2√3a,117.88079201128208,30º,Sapphire (C),0.0,1.0,0.08456076910733497,"rgb(0.00, 255.00, 21.56)"
5.499838664300374,2√3/3 a,117.88079201128208,30º,Sapphire (C),0.0,1.0,0.08456076910733497,"rgb(0.00, 255.00, 21.56)"
3.2999031985802247,2√3/5 a,117.88079201128208,30º,Sapphire (C),0.0,1.0,0.08456076910733497,"rgb(0.00, 255.00, 21.56)"
12.601713494600645,√7a,68.76379533991455,19.1º,Sapphire (C),0.0,1.0,0.08456076910733497,"rgb(0.00, 255.00, 21.56)"
6.3008567473003225,√7/2 a,68.76379533991455,19.1º,Sapphire (C),0.0,1.0,0.08456076910733497,"rgb(0.00, 255.00, 21.56)"
4.200571164866882,√7/3 a,68.76379533991455,19.1º,Sapphire (C),0.0,1.0,0.08456076910733497,"rgb(0.00, 255.00, 21.56)"
3.1504283736501613,√7/4 a,68.76379533991455,19.1º,Sapphire (C),0.0,1.0,0.08456076910733497,"rgb(0.00, 255.00, 21.56)"
17.17324072503498,√13a,127.70419134555559,13.9º,Sapphire (C),0.0,1.0,0.08456076910733497,"rgb(0.00, 255.00, 21.56)"
8.58662036251749,√13/2 a,127.70419134555559,13.9º,Sapphire (C),0.0,1.0,0.08456076910733497,"rgb(0.00, 255.00, 21.56)"
5.72441357501166,√13/3 a,127.70419134555559,13.9º,Sapphire (C),0.0,1.0,0.08456076910733497,"rgb(0.00, 255.00, 21.56)"
4.293310181258745,√13/4 a,127.70419134555559,13.9º,Sapphire (C),0.0,1.0,0.08456076910733497,"rgb(0.00, 255.00, 21.56)"
3.434648145006996,√13/5 a,127.70419134555559,13.9º,Sapphire (C),0.0,1.0,0.08456076910733497,"rgb(0.00, 255.00, 21.56)"
17.50796390217892,a,132.73086389577972,0º,GGG (111),0.0,1.0,0.594116891989296,"rgb(0.00, 255.00, 151.50)"
8.75398195108946,a/2,132.73086389577972,0º,GGG (111),0.0,1.0,0.594116891989296,"rgb(0.00, 255.00, 151.50)"
5.835987967392973,a/3,132.73086389577972,0º,GGG (111),0.0,1.0,0.594116891989296,"rgb(0.00, 255.00, 151.50)"
4.37699097554473,a/4,132.73086389577972,0º,GGG (111),0.0,1.0,0.594116891989296,"rgb(0.00, 255.00, 151.50)"
3.5015927804357836,a/5,132.73086389577972,0º,GGG (111),0.0,1.0,0.594116891989296,"rgb(0.00, 255.00, 151.50)"
5.402295808265223,a,12.637389102184043,0º,LaAlO3 (111),0.0,1.0,0.7794100275827363,"rgb(0.00, 255.00, 198.75)"
10.804591616530447,2a,50.54955640873617,0º,LaAlO3 (111),0.0,1.0,0.7794100275827363,"rgb(0.00, 255.00, 198.75)"
3.601530538843482,2/3 a,50.54955640873617,0º,LaAlO3 (111),0.0,1.0,0.7794100275827363,"rgb(0.00, 255.00, 198.75)"
16.20688742479567,3a,113.73650191965639,0º,LaAlO3 (111),0.0,1.0,0.7794100275827363,"rgb(0.00, 255.00, 198.75)"
8.103443712397835,3/2 a,113.73650191965639,0º,LaAlO3 (111),0.0,1.0,0.7794100275827363,"rgb(0.00, 255.00, 198.75)"
4.051721856198918,3/4 a,113.73650191965639,0º,LaAlO3 (111),0.0,1.0,0.7794100275827363,"rgb(0.00, 255.00, 198.75)"
3.241377484959134,3/5 a,113.73650191965639,0º,LaAlO3 (111),0.0,1.0,0.7794100275827363,"rgb(0.00, 255.00, 198.75)"
9.35705081743174,√3a,37.91216730655213,30º,LaAlO3 (111),0.0,1.0,0.7794100275827363,"rgb(0.00, 255.00, 198.75)"
4.67852540871587,√3/2 a,37.91216730655213,30º,LaAlO3 (111),0.0,1.0,0.7794100275827363,"rgb(0.00, 255.00, 198.75)"
3.119016939143913,√3/3 a,37.91216730655213,30º,LaAlO3 (111),0.0,1.0,0.7794100275827363,"rgb(0.00, 255.00, 198.75)"
18.71410163486348,2√3a,151.6486692262085,30º,LaAlO3 (111),0.0,1.0,0.7794100275827363,"rgb(0.00, 255.00, 198.75)"
6.238033878287826,2√3/3 a,151.6486692262085,30º,LaAlO3 (111),0.0,1.0,0.7794100275827363,"rgb(0.00, 255.00, 198.75)"
3.7428203269726956,2√3/5 a,151.6486692262085,30º,LaAlO3 (111),0.0,1.0,0.7794100275827363,"rgb(0.00, 255.00, 198.75)"
14.293131217476457,√7a,88.4617237152883,19.1º,LaAlO3 (111),0.0,1.0,0.7794100275827363,"rgb(0.00, 255.00, 198.75)"
7.1465656087382285,√7/2 a,88.4617237152883,19.1º,LaAlO3 (111),0.0,1.0,0.7794100275827363,"rgb(0.00, 255.00, 198.75)"
4.764377072492152,√7/3 a,88.4617237152883,19.1º,LaAlO3 (111),0.0,1.0,0.7794100275827363,"rgb(0.00, 255.00, 198.75)"
3.5732828043691143,√7/4 a,88.4617237152883,19.1º,LaAlO3 (111),0.0,1.0,0.7794100275827363,"rgb(0.00, 255.00, 198.75)"
19.47825454192444,√13a,164.28605832839256,13.9º,LaAlO3 (111),0.0,1.0,0.7794100275827363,"rgb(0.00, 255.00, 198.75)"
9.73912727096222,√13/2 a,164.28605832839256,13.9º,LaAlO3 (111),0.0,1.0,0.7794100275827363,"rgb(0.00, 255.00, 198.75)"
6.492751513974813,√13/3 a,164.28605832839256,13.9º,LaAlO3 (111),0.0,1.0,0.7794100275827363,"rgb(0.00, 255.00, 198.75)"
4.86956363548111,√13/4 a,164.28605832839256,13.9º,LaAlO3 (111),0.0,1.0,0.7794100275827363,"rgb(0.00, 255.00, 198.75)"
3.895650908384888,√13/5 a,164.28605832839256,13.9º,LaAlO3 (111),0.0,1.0,0.7794100275827363,"rgb(0.00, 255.00, 198.75)"
5.473006486383879,a,12.970375869939163,0º,LSAT (111),0.0,0.8036791805174157,1.0,"rgb(0.00, 204.94, 255.00)"
10.946012972767758,2a,51.88150347975665,0º,LSAT (111),0.0,0.8036791805174157,1.0,"rgb(0.00, 204.94, 255.00)"
3.648670990922586,2/3 a,51.88150347975665,0º,LSAT (111),0.0,0.8036791805174157,1.0,"rgb(0.00, 204.94, 255.00)"
16.419019459151635,3a,116.73338282945247,0º,LSAT (111),0.0,0.8036791805174157,1.0,"rgb(0.00, 204.94, 255.00)"
8.209509729575817,3/2 a,116.73338282945247,0º,LSAT (111),0.0,0.8036791805174157,1.0,"rgb(0.00, 204.94, 255.00)"
4.104754864787909,3/4 a,116.73338282945247,0º,LSAT (111),0.0,0.8036791805174157,1.0,"rgb(0.00, 204.94, 255.00)"
3.2838038918303267,3/5 a,116.73338282945247,0º,LSAT (111),0.0,0.8036791805174157,1.0,"rgb(0.00, 204.94, 255.00)"
9.4795253045709,√3a,38.91112760981749,30º,LSAT (111),0.0,0.8036791805174157,1.0,"rgb(0.00, 204.94, 255.00)"
4.73976265228545,√3/2 a,38.91112760981749,30º,LSAT (111),0.0,0.8036791805174157,1.0,"rgb(0.00, 204.94, 255.00)"
3.1598417681903004,√3/3 a,38.91112760981749,30º,LSAT (111),0.0,0.8036791805174157,1.0,"rgb(0.00, 204.94, 255.00)"
18.9590506091418,2√3a,155.64451043926996,30º,LSAT (111),0.0,0.8036791805174157,1.0,"rgb(0.00, 204.94, 255.00)"
6.319683536380601,2√3/3 a,155.64451043926996,30º,LSAT (111),0.0,0.8036791805174157,1.0,"rgb(0.00, 204.94, 255.00)"
3.79181012182836,2√3/5 a,155.64451043926996,30º,LSAT (111),0.0,0.8036791805174157,1.0,"rgb(0.00, 204.94, 255.00)"
14.480214086815156,√7a,90.79263108957414,19.1º,LSAT (111),0.0,0.8036791805174157,1.0,"rgb(0.00, 204.94, 255.00)"
7.240107043407578,√7/2 a,90.79263108957414,19.1º,LSAT (111),0.0,0.8036791805174157,1.0,"rgb(0.00, 204.94, 255.00)"
4.826738028938386,√7/3 a,90.79263108957414,19.1º,LSAT (111),0.0,0.8036791805174157,1.0,"rgb(0.00, 204.94, 255.00)"
3.620053521703789,√7/4 a,90.79263108957414,19.1º,LSAT (111),0.0,0.8036791805174157,1.0,"rgb(0.00, 204.94, 255.00)"
19.73320551760408,√13a,168.6148863092091,13.9º,LSAT (111),0.0,0.8036791805174157,1.0,"rgb(0.00, 204.94, 255.00)"
9.86660275880204,√13/2 a,168.6148863092091,13.9º,LSAT (111),0.0,0.8036791805174157,1.0,"rgb(0.00, 204.94, 255.00)"
6.577735172534694,√13/3 a,168.6148863092091,13.9º,LSAT (111),0.0,0.8036791805174157,1.0,"rgb(0.00, 204.94, 255.00)"
4.93330137940102,√13/4 a,168.6148863092091,13.9º,LSAT (111),0.0,0.8036791805174157,1.0,"rgb(0.00, 204.94, 255.00)"
3.946641103520816,√13/5 a,168.6148863092091,13.9º,LSAT (111),0.0,0.8036791805174157,1.0,"rgb(0.00, 204.94, 255.00)"
11.44098771959834,a,56.67971722942433,0º,MgAl2O4 - Spinel (111),0.0,0.6183848775760541,1.0,"rgb(0.00, 157.69, 255.00)"
5.72049385979917,a/2,56.67971722942433,0º,MgAl2O4 - Spinel (111),0.0,0.6183848775760541,1.0,"rgb(0.00, 157.69, 255.00)"
3.8136625731994465,a/3,56.67971722942433,0º,MgAl2O4 - Spinel (111),0.0,0.6183848775760541,1.0,"rgb(0.00, 157.69, 255.00)"
19.81637201911591,√3a,170.03915168827297,30º,MgAl2O4 - Spinel (111),0.0,0.6183848775760541,1.0,"rgb(0.00, 157.69, 255.00)"
9.908186009557955,√3/2 a,170.03915168827297,30º,MgAl2O4 - Spinel (111),0.0,0.6183848775760541,1.0,"rgb(0.00, 157.69, 255.00)"
6.605457339705303,√3/3 a,170.03915168827297,30º,MgAl2O4 - Spinel (111),0.0,0.6183848775760541,1.0,"rgb(0.00, 157.69, 255.00)"
4.9540930047789775,√3/4 a,170.03915168827297,30º,MgAl2O4 - Spinel (111),0.0,0.6183848775760541,1.0,"rgb(0.00, 157.69, 255.00)"
3.963274403823182,√3/5 a,170.03915168827297,30º,MgAl2O4 - Spinel (111),0.0,0.6183848775760541,1.0,"rgb(0.00, 157.69, 255.00)"
5.9538390975907305,a,15.34952085921577,0º,MgO (111),0.0,0.43309057463469247,1.0,"rgb(0.00, 110.44, 255.00)"
11.907678195181461,2a,61.39808343686308,0º,MgO (111),0.0,0.43309057463469247,1.0,"rgb(0.00, 110.44, 255.00)"
3.969226065060487,2/3 a,61.39808343686308,0º,MgO (111),0.0,0.43309057463469247,1.0,"rgb(0.00, 110.44, 255.00)"
17.86151729277219,3a,138.14568773294192,0º,MgO (111),0.0,0.43309057463469247,1.0,"rgb(0.00, 110.44, 255.00)"
8.930758646386096,3/2 a,138.14568773294192,0º,MgO (111),0.0,0.43309057463469247,1.0,"rgb(0.00, 110.44, 255.00)"
4.465379323193048,3/4 a,138.14568773294192,0º,MgO (111),0.0,0.43309057463469247,1.0,"rgb(0.00, 110.44, 255.00)"
3.572303458554438,3/5 a,138.14568773294192,0º,MgO (111),0.0,0.43309057463469247,1.0,"rgb(0.00, 110.44, 255.00)"
10.31235181711718,√3a,46.04856257764731,30º,MgO (111),0.0,0.43309057463469247,1.0,"rgb(0.00, 110.44, 255.00)"
5.15617590855859,√3/2 a,46.04856257764731,30º,MgO (111),0.0,0.43309057463469247,1.0,"rgb(0.00, 110.44, 255.00)"
3.437450605705727,√3/3 a,46.04856257764731,30º,MgO (111),0.0,0.43309057463469247,1.0,"rgb(0.00, 110.44, 255.00)"
20.62470363423436,2√3a,184.19425031058924,30º,MgO (111),0.0,0.43309057463469247,1.0,"rgb(0.00, 110.44, 255.00)"
6.874901211411454,2√3/3 a,184.19425031058924,30º,MgO (111),0.0,0.43309057463469247,1.0,"rgb(0.00, 110.44, 255.00)"
4.124940726846872,2√3/5 a,184.19425031058924,30º,MgO (111),0.0,0.43309057463469247,1.0,"rgb(0.00, 110.44, 255.00)"
15.752377598318295,√7a,107.44664601451039,19.1º,MgO (111),0.0,0.43309057463469247,1.0,"rgb(0.00, 110.44, 255.00)"
7.876188799159148,√7/2 a,107.44664601451039,19.1º,MgO (111),0.0,0.43309057463469247,1.0,"rgb(0.00, 110.44, 255.00)"
5.250792532772765,√7/3 a,107.44664601451039,19.1º,MgO (111),0.0,0.43309057463469247,1.0,"rgb(0.00, 110.44, 255.00)"
3.938094399579574,√7/4 a,107.44664601451039,19.1º,MgO (111),0.0,0.43309057463469247,1.0,"rgb(0.00, 110.44, 255.00)"
3.150475519663659,√7/5 a,107.44664601451039,19.1º,MgO (111),0.0,0.43309057463469247,1.0,"rgb(0.00, 110.44, 255.00)"
21.466872152225623,√13a,199.543771169805,13.9º,MgO (111),0.0,0.43309057463469247,1.0,"rgb(0.00, 110.44, 255.00)"
10.733436076112811,√13/2 a,199.543771169805,13.9º,MgO (111),0.0,0.43309057463469247,1.0,"rgb(0.00, 110.44, 255.00)"
7.155624050741874,√13/3 a,199.543771169805,13.9º,MgO (111),0.0,0.43309057463469247,1.0,"rgb(0.00, 110.44, 255.00)"
5.366718038056406,√13/4 a,199.543771169805,13.9º,MgO (111),0.0,0.43309057463469247,1.0,"rgb(0.00, 110.44, 255.00)"
4.293374430445125,√13/5 a,199.543771169805,13.9º,MgO (111),0.0,0.43309057463469247,1.0,"rgb(0.00, 110.44, 255.00)"
5.529575028878802,a,13.239882975596878,0º,SrTiO3 (111),0.30808663713075457,0.0,1.0,"rgb(78.56, 0.00, 255.00)"
11.059150057757604,2a,52.95953190238751,0º,SrTiO3 (111),0.30808663713075457,0.0,1.0,"rgb(78.56, 0.00, 255.00)"
3.686383352585868,2/3 a,52.95953190238751,0º,SrTiO3 (111),0.30808663713075457,0.0,1.0,"rgb(78.56, 0.00, 255.00)"
16.588725086636405,3a,119.1589467803719,0º,SrTiO3 (111),0.30808663713075457,0.0,1.0,"rgb(78.56, 0.00, 255.00)"
8.294362543318202,3/2 a,119.1589467803719,0º,SrTiO3 (111),0.30808663713075457,0.0,1.0,"rgb(78.56, 0.00, 255.00)"
4.147181271659101,3/4 a,119.1589467803719,0º,SrTiO3 (111),0.30808663713075457,0.0,1.0,"rgb(78.56, 0.00, 255.00)"
3.317745017327281,3/5 a,119.1589467803719,0º,SrTiO3 (111),0.30808663713075457,0.0,1.0,"rgb(78.56, 0.00, 255.00)"
9.577504894282226,√3a,39.71964892679063,30º,SrTiO3 (111),0.30808663713075457,0.0,1.0,"rgb(78.56, 0.00, 255.00)"
4.788752447141113,√3/2 a,39.71964892679063,30º,SrTiO3 (111),0.30808663713075457,0.0,1.0,"rgb(78.56, 0.00, 255.00)"
3.1925016314274086,√3/3 a,39.71964892679063,30º,SrTiO3 (111),0.30808663713075457,0.0,1.0,"rgb(78.56, 0.00, 255.00)"
19.155009788564453,2√3a,158.87859570716253,30º,SrTiO3 (111),0.30808663713075457,0.0,1.0,"rgb(78.56, 0.00, 255.00)"
6.385003262854817,2√3/3 a,158.87859570716253,30º,SrTiO3 (111),0.30808663713075457,0.0,1.0,"rgb(78.56, 0.00, 255.00)"
3.8310019577128904,2√3/5 a,158.87859570716253,30º,SrTiO3 (111),0.30808663713075457,0.0,1.0,"rgb(78.56, 0.00, 255.00)"
14.629880382286112,√7a,92.67918082917814,19.1º,SrTiO3 (111),0.30808663713075457,0.0,1.0,"rgb(78.56, 0.00, 255.00)"
7.314940191143056,√7/2 a,92.67918082917814,19.1º,SrTiO3 (111),0.30808663713075457,0.0,1.0,"rgb(78.56, 0.00, 255.00)"
4.876626794095371,√7/3 a,92.67918082917814,19.1º,SrTiO3 (111),0.30808663713075457,0.0,1.0,"rgb(78.56, 0.00, 255.00)"
3.657470095571528,√7/4 a,92.67918082917814,19.1º,SrTiO3 (111),0.30808663713075457,0.0,1.0,"rgb(78.56, 0.00, 255.00)"
19.93716629814779,√13a,172.11847868275942,13.9º,SrTiO3 (111),0.30808663713075457,0.0,1.0,"rgb(78.56, 0.00, 255.00)"
9.968583149073895,√13/2 a,172.11847868275942,13.9º,SrTiO3 (111),0.30808663713075457,0.0,1.0,"rgb(78.56, 0.00, 255.00)"
6.6457220993825965,√13/3 a,172.11847868275942,13.9º,SrTiO3 (111),0.30808663713075457,0.0,1.0,"rgb(78.56, 0.00, 255.00)"
4.984291574536948,√13/4 a,172.11847868275942,13.9º,SrTiO3 (111),0.30808663713075457,0.0,1.0,"rgb(78.56, 0.00, 255.00)"
3.987433259629558,√13/5 a,172.11847868275942,13.9º,SrTiO3 (111),0.30808663713075457,0.0,1.0,"rgb(78.56, 0.00, 255.00)"
16.970562748477143,a,124.70765814495918,0º,YAG (111),0.6786752430134784,0.0,1.0,"rgb(173.06, 0.00, 255.00)"
8.485281374238571,a/2,124.70765814495918,0º,YAG (111),0.6786752430134784,0.0,1.0,"rgb(173.06, 0.00, 255.00)"
5.656854249492381,a/3,124.70765814495918,0º,YAG (111),0.6786752430134784,0.0,1.0,"rgb(173.06, 0.00, 255.00)"
4.242640687119286,a/4,124.70765814495918,0º,YAG (111),0.6786752430134784,0.0,1.0,"rgb(173.06, 0.00, 255.00)"
3.3941125496954285,a/5,124.70765814495918,0º,YAG (111),0.6786752430134784,0.0,1.0,"rgb(173.06, 0.00, 255.00)"
7.240773439350248,a,22.702336344966795,0º,Y:ZrO2 - YSZ (111),0.9801467577202873,0.0,0.9772064845594255,"rgb(249.94, 0.00, 249.19)"
3.620386719675124,a/2,22.702336344966795,0º,Y:ZrO2 - YSZ (111),0.9801467577202873,0.0,0.9772064845594255,"rgb(249.94, 0.00, 249.19)"
14.481546878700495,2a,90.80934537986718,0º,Y:ZrO2 - YSZ (111),0.9801467577202873,0.0,0.9772064845594255,"rgb(249.94, 0.00, 249.19)"
4.827182292900165,2/3 a,90.80934537986718,0º,Y:ZrO2 - YSZ (111),0.9801467577202873,0.0,0.9772064845594255,"rgb(249.94, 0.00, 249.19)"
12.541387483049872,√3a,68.10700903490039,30º,Y:ZrO2 - YSZ (111),0.9801467577202873,0.0,0.9772064845594255,"rgb(249.94, 0.00, 249.19)"
6.270693741524936,√3/2 a,68.10700903490039,30º,Y:ZrO2 - YSZ (111),0.9801467577202873,0.0,0.9772064845594255,"rgb(249.94, 0.00, 249.19)"
4.180462494349958,√3/3 a,68.10700903490039,30º,Y:ZrO2 - YSZ (111),0.9801467577202873,0.0,0.9772064845594255,"rgb(249.94, 0.00, 249.19)"
3.135346870762468,√3/4 a,68.10700903490039,30º,Y:ZrO2 - YSZ (111),0.9801467577202873,0.0,0.9772064845594255,"rgb(249.94, 0.00, 249.19)"
19.157285820282585,√7a,158.91635441476757,19.1º,Y:ZrO2 - YSZ (111),0.9801467577202873,0.0,0.9772064845594255,"rgb(249.94, 0.00, 249.19)"
9.578642910141292,√7/2 a,158.91635441476757,19.1º,Y:ZrO2 - YSZ (111),0.9801467577202873,0.0,0.9772064845594255,"rgb(249.94, 0.00, 249.19)"
6.385761940094195,√7/3 a,158.91635441476757,19.1º,Y:ZrO2 - YSZ (111),0.9801467577202873,0.0,0.9772064845594255,"rgb(249.94, 0.00, 249.19)"
4.789321455070646,√7/4 a,158.91635441476757,19.1º,Y:ZrO2 - YSZ (111),0.9801467577202873,0.0,0.9772064845594255,"rgb(249.94, 0.00, 249.19)"
3.831457164056517,√7/5 a,158.91635441476757,19.1º,Y:ZrO2 - YSZ (111),0.9801467577202873,0.0,0.9772064845594255,"rgb(249.94, 0.00, 249.19)"
3.25,a,4.573696663736566,0º,ZnO (C),0.9955879496320674,0.0,0.9463241007358653,"rgb(253.87, 0.00, 241.31)"
6.5,2a,18.294786654946265,0º,ZnO (C),0.9955879496320674,0.0,0.9463241007358653,"rgb(253.87, 0.00, 241.31)"
9.75,3a,41.1632699736291,0º,ZnO (C),0.9955879496320674,0.0,0.9463241007358653,"rgb(253.87, 0.00, 241.31)"
4.875,3/2 a,41.1632699736291,0º,ZnO (C),0.9955879496320674,0.0,0.9463241007358653,"rgb(253.87, 0.00, 241.31)"
13.0,4a,73.17914661978506,0º,ZnO (C),0.9955879496320674,0.0,0.9463241007358653,"rgb(253.87, 0.00, 241.31)"
4.333333333333333,4/3 a,73.17914661978506,0º,ZnO (C),0.9955879496320674,0.0,0.9463241007358653,"rgb(253.87, 0.00, 241.31)"
16.25,5a,114.34241659341416,0º,ZnO (C),0.9955879496320674,0.0,0.9463241007358653,"rgb(253.87, 0.00, 241.31)"
8.125,5/2 a,114.34241659341416,0º,ZnO (C),0.9955879496320674,0.0,0.9463241007358653,"rgb(253.87, 0.00, 241.31)"
5.416666666666667,5/3 a,114.34241659341416,0º,ZnO (C),0.9955879496320674,0.0,0.9463241007358653,"rgb(253.87, 0.00, 241.31)"
4.0625,5/4 a,114.34241659341416,0º,ZnO (C),0.9955879496320674,0.0,0.9463241007358653,"rgb(253.87, 0.00, 241.31)"
19.5,6a,164.6530798945164,0º,ZnO (C),0.9955879496320674,0.0,0.9463241007358653,"rgb(253.87, 0.00, 241.31)"
3.9,6/5 a,164.6530798945164,0º,ZnO (C),0.9955879496320674,0.0,0.9463241007358653,"rgb(253.87, 0.00, 241.31)"
5.629165124598851,√3a,13.721089991209698,30º,ZnO (C),0.9955879496320674,0.0,0.9463241007358653,"rgb(253.87, 0.00, 241.31)"
11.258330249197702,2√3a,54.884359964838794,30º,ZnO (C),0.9955879496320674,0.0,0.9463241007358653,"rgb(253.87, 0.00, 241.31)"
3.752776749732567,2√3/3 a,54.884359964838794,30º,ZnO (C),0.9955879496320674,0.0,0.9463241007358653,"rgb(253.87, 0.00, 241.31)"
16.887495373796554,3√3a,123.48980992088728,30º,ZnO (C),0.9955879496320674,0.0,0.9463241007358653,"rgb(253.87, 0.00, 241.31)"
8.443747686898277,3√3/2 a,123.48980992088728,30º,ZnO (C),0.9955879496320674,0.0,0.9463241007358653,"rgb(253.87, 0.00, 241.31)"
4.2218738434491385,3√3/4 a,123.48980992088728,30º,ZnO (C),0.9955879496320674,0.0,0.9463241007358653,"rgb(253.87, 0.00, 241.31)"
3.377499074759311,3√3/5 a,123.48980992088728,30º,ZnO (C),0.9955879496320674,0.0,0.9463241007358653,"rgb(253.87, 0.00, 241.31)"
8.59869176095992,√7a,32.01587664615596,19.1º,ZnO (C),0.9955879496320674,0.0,0.9463241007358653,"rgb(253.87, 0.00, 241.31)"
4.29934588047996,√7/2 a,32.01587664615596,19.1º,ZnO (C),0.9955879496320674,0.0,0.9463241007358653,"rgb(253.87, 0.00, 241.31)"
17.19738352191984,2√7a,128.06350658462384,19.1º,ZnO (C),0.9955879496320674,0.0,0.9463241007358653,"rgb(253.87, 0.00, 241.31)"
5.73246117397328,2√7/3 a,128.06350658462384,19.1º,ZnO (C),0.9955879496320674,0.0,0.9463241007358653,"rgb(253.87, 0.00, 241.31)"
3.439476704383968,2√7/5 a,128.06350658462384,19.1º,ZnO (C),0.9955879496320674,0.0,0.9463241007358653,"rgb(253.87, 0.00, 241.31)"
11.718041645257964,√13a,59.45805662857536,13.9º,ZnO (C),0.9955879496320674,0.0,0.9463241007358653,"rgb(253.87, 0.00, 241.31)"
5.859020822628982,√13/2 a,59.45805662857536,13.9º,ZnO (C),0.9955879496320674,0.0,0.9463241007358653,"rgb(253.87, 0.00, 241.31)"
3.9060138817526546,√13/3 a,59.45805662857536,13.9º,ZnO (C),0.9955879496320674,0.0,0.9463241007358653,"rgb(253.87, 0.00, 241.31)"
8.76812408671319,a,33.290016521473824,0º,BaF2 (111),1.0,0.0,0.8117654238977766,"rgb(255.00, 0.00, 207.00)"
4.384062043356595,a/2,33.290016521473824,0º,BaF2 (111),1.0,0.0,0.8117654238977766,"rgb(255.00, 0.00, 207.00)"
17.53624817342638,2a,133.1600660858953,0º,BaF2 (111),1.0,0.0,0.8117654238977766,"rgb(255.00, 0.00, 207.00)"
5.8454160578087935,2/3 a,133.1600660858953,0º,BaF2 (111),1.0,0.0,0.8117654238977766,"rgb(255.00, 0.00, 207.00)"
3.5072496346852757,2/5 a,133.1600660858953,0º,BaF2 (111),1.0,0.0,0.8117654238977766,"rgb(255.00, 0.00, 207.00)"
15.186836405255704,√3a,99.87004956442146,30º,BaF2 (111),1.0,0.0,0.8117654238977766,"rgb(255.00, 0.00, 207.00)"
7.593418202627852,√3/2 a,99.87004956442146,30º,BaF2 (111),1.0,0.0,0.8117654238977766,"rgb(255.00, 0.00, 207.00)"
5.062278801751901,√3/3 a,99.87004956442146,30º,BaF2 (111),1.0,0.0,0.8117654238977766,"rgb(255.00, 0.00, 207.00)"
3.796709101313926,√3/4 a,99.87004956442146,30º,BaF2 (111),1.0,0.0,0.8117654238977766,"rgb(255.00, 0.00, 207.00)"
3.0373672810511407,√3/5 a,99.87004956442146,30º,BaF2 (111),1.0,0.0,0.8117654238977766,"rgb(255.00, 0.00, 207.00)"
7.764032457428293,a,26.102092272603365,0º,CaF2 (111),1.0,0.0,0.6959564845594255,"rgb(255.00, 0.00, 177.47)"
3.8820162287141464,a/2,26.102092272603365,0º,CaF2 (111),1.0,0.0,0.6959564845594255,"rgb(255.00, 0.00, 177.47)"
15.528064914856586,2a,104.40836909041346,0º,CaF2 (111),1.0,0.0,0.6959564845594255,"rgb(255.00, 0.00, 177.47)"
5.176021638285529,2/3 a,104.40836909041346,0º,CaF2 (111),1.0,0.0,0.6959564845594255,"rgb(255.00, 0.00, 177.47)"
3.105612982971317,2/5 a,104.40836909041346,0º,CaF2 (111),1.0,0.0,0.6959564845594255,"rgb(255.00, 0.00, 177.47)"
13.44769868787965,√3a,78.3062768178101,30º,CaF2 (111),1.0,0.0,0.6959564845594255,"rgb(255.00, 0.00, 177.47)"
6.723849343939825,√3/2 a,78.3062768178101,30º,CaF2 (111),1.0,0.0,0.6959564845594255,"rgb(255.00, 0.00, 177.47)"
4.482566229293217,√3/3 a,78.3062768178101,30º,CaF2 (111),1.0,0.0,0.6959564845594255,"rgb(255.00, 0.00, 177.47)"
3.3619246719699123,√3/4 a,78.3062768178101,30º,CaF2 (111),1.0,0.0,0.6959564845594255,"rgb(255.00, 0.00, 177.47)"
20.541699053388943,√7a,182.71464590822356,19.1º,CaF2 (111),1.0,0.0,0.6959564845594255,"rgb(255.00, 0.00, 177.47)"
10.270849526694471,√7/2 a,182.71464590822356,19.1º,CaF2 (111),1.0,0.0,0.6959564845594255,"rgb(255.00, 0.00, 177.47)"
6.847233017796314,√7/3 a,182.71464590822356,19.1º,CaF2 (111),1.0,0.0,0.6959564845594255,"rgb(255.00, 0.00, 177.47)"
5.135424763347236,√7/4 a,182.71464590822356,19.1º,CaF2 (111),1.0,0.0,0.6959564845594255,"rgb(255.00, 0.00, 177.47)"
4.108339810677789,√7/5 a,182.71464590822356,19.1º,CaF2 (111),1.0,0.0,0.6959564845594255,"rgb(255.00, 0.00, 177.47)"
